<?xml version="1.0" encoding="UTF-8"?>
<topics>
    <!--<topic id="topic-1" name="aep">-->
        <!--&lt;!&ndash;<logs path="/home/mqmswg/work/log/aep" readperiod="30" />&ndash;&gt;-->
        <!--<logs path="src/main/resources/test/aep" readperiod="30">-->
            <!--<log id="log-1">aep_so_chl1.log</log>-->
            <!--<log id="log-2">aep_so_chl2.log</log>-->
            <!--<log id="log-3">aep_so_chl3.log</log>-->
            <!--<log id="log-4">aep_so_chl4.log</log>-->
        <!--</logs>-->
    <!--</topic>-->
    <!--<topic id="topic-2" name="idm">-->
        <!--&lt;!&ndash;<logs path="/home/mqmswg/work/log/idm" readperiod="30" />&ndash;&gt;-->
        <!--<logs path="src/main/resources/test/idm" readperiod="30">-->
            <!--<log id="log-5">idm_request.log</log>-->
        <!--</logs>-->
    <!--</topic>-->
    <topic id="topic-3" name="forTest">
        <logs path="src/main/resources/test/aep" readperiod="30">
        <!--<logs path="/home/mqmswg/work/log/aep" readperiod="30">-->
            <log id="log-6">aep_so_chl1.log</log>
            <log id="log-7">aep_so_chl2.log</log>
        </logs>
    </topic>
</topics>